true/false,Unnamed: 0,prompts,GPT_Response_1,claim,id,gpt_true,gpt_false,,,predicted,
FALSE,0,"Read the claim below, then answer the question at the end:

Claim: Targeting cancer cells with resonant frequencies has been shown to 'cure' cancer.
Question: Is this claim true or false? Answer with TRUE or FALSE.

",FALSE,Targeting cancer cells with resonant frequencies has been shown to 'cure' cancer.,50,,1,,,TRUE,FALSE
FALSE,3,"Read the claim below, then answer the question at the end:

Claim: Post-pandemic stress disorder is caused by COVID-19 vaccines.
Question: Is this claim true or false? Answer with TRUE or FALSE.

",FALSE,Post-pandemic stress disorder is caused by COVID-19 vaccines.,918,,1,actual,TRUE,31,16
FALSE,4,"Read the claim below, then answer the question at the end:

Claim: Left-handed people, on average, die younger than right-handed people.
Question: Is this claim true or false? Answer with TRUE or FALSE.

",FALSE,"Left-handed people, on average, die younger than right-handed people.",5610,,1,,FALSE,3,69
FALSE,6,"Read the claim below, then answer the question at the end:

Claim: Comparisons of glacier counts are a reliable indicator of climate change
Question: Is this claim true or false? Answer with TRUE or FALSE.

",TRUE,Comparisons of glacier counts are a reliable indicator of climate change,1130,1,,,,,
FALSE,7,"Read the claim below, then answer the question at the end:

Claim: Climate change occurs naturally as a result of changes in Earth's solar orbit and not anthropogenic factors.
Question: Is this claim true or false? Answer with TRUE or FALSE.

",FALSE,Climate change occurs naturally as a result of changes in Earth's solar orbit and not anthropogenic factors.,5626,,1,,,,
FALSE,8,"Read the claim below, then answer the question at the end:

Claim: Precipitation in smoky areas following a wildfire is extremely toxic.
Question: Is this claim true or false? Answer with TRUE or FALSE.

",FALSE,Precipitation in smoky areas following a wildfire is extremely toxic.,5629,,1,True:,,,
FALSE,10,"Read the claim below, then answer the question at the end:

Claim: Photos of the Statue of Liberty from 1898 and 2017 show that sea levels have not risen significantly.
Question: Is this claim true or false? Answer with TRUE or FALSE.

",FALSE,Photos of the Statue of Liberty from 1898 and 2017 show that sea levels have not risen significantly.,1133,,1,Accuracy:,0.840336134,,
FALSE,12,"Read the claim below, then answer the question at the end:

Claim: Climate change is only driven by variations to Earth's orbital position relative to the sun
Question: Is this claim true or false? Answer with TRUE or FALSE.

",FALSE,Climate change is only driven by variations to Earth's orbital position relative to the sun,234,,1,Precision:,0.659574468,,
FALSE,13,"Read the claim below, then answer the question at the end:

Claim: mRNA vaccines was used to 'murder'
Question: Is this claim true or false? Answer with TRUE or FALSE.

",FALSE,mRNA vaccines was used to 'murder',1025,,1,Recall:,0.911764706,,
FALSE,14,"Read the claim below, then answer the question at the end:

Claim: Millimeter wave body scanners used by airport security can alter your DNA.
Question: Is this claim true or false? Answer with TRUE or FALSE.

",FALSE,Millimeter wave body scanners used by airport security can alter your DNA.,5640,,1,F1:,0.765432099,,
FALSE,15,"Read the claim below, then answer the question at the end:

Claim: U.S. carrots are 'soaked' in bleach, chlorpropham is used.
Question: Is this claim true or false? Answer with TRUE or FALSE.

",FALSE,"U.S. carrots are 'soaked' in bleach, chlorpropham is used.",145,,1,,,,
FALSE,17,"Read the claim below, then answer the question at the end:

Claim: Israeli study finds drop in sperm count after Pfizer vaccine is temporary, there are signs of sperm damage
Question: Is this claim true or false? Answer with TRUE or FALSE.

","As an AI, I don't have real-time access to the internet or databases to verify current claims or news. As of my last update in October 2021, there were no widely recognized studies that conclusively linked the Pfizer vaccine to a temporary drop in sperm count or sperm damage. Please consult the most recent and reliable sources for the most accurate information.","Israeli study finds drop in sperm count after Pfizer vaccine is temporary, there are signs of sperm damage",212,,1,False:,,,
FALSE,18,"Read the claim below, then answer the question at the end:

Claim: Evidence shows that U.S. schoolchildren are self-identifying as animals and disrupting classrooms
Question: Is this claim true or false? Answer with TRUE or FALSE.

",The claim cannot be verified as it lacks specific evidence or sources.,Evidence shows that U.S. schoolchildren are self-identifying as animals and disrupting classrooms,247,,,Accuracy:,0.840336134,,
FALSE,19,"Read the claim below, then answer the question at the end:

Claim: Arctic ice is 'making a comeback', longer-term trends show.
Question: Is this claim true or false? Answer with TRUE or FALSE.

",FALSE,"Arctic ice is 'making a comeback', longer-term trends show.",363,,1,Precision:,0.958333333,,
FALSE,21,"Read the claim below, then answer the question at the end:

Claim: There is a proven link between COVID-19 vaccines and aphasia, a language disorder.
Question: Is this claim true or false? Answer with TRUE or FALSE.

",FALSE,"There is a proven link between COVID-19 vaccines and aphasia, a language disorder.",507,,1,Recall:,0.811764706,,
FALSE,22,"Read the claim below, then answer the question at the end:

Claim: List of viruses circulating on social media cause positive COVID-19 RT-PCR tests.
Question: Is this claim true or false? Answer with TRUE or FALSE.

",FALSE,List of viruses circulating on social media cause positive COVID-19 RT-PCR tests.,812,,1,F1:,0.878980892,,
FALSE,23,"Read the claim below, then answer the question at the end:

Claim: People with asymptomatic COVID-19 in acute phase will not develop long COVID symptoms.
Question: Is this claim true or false? Answer with TRUE or FALSE.

",FALSE,People with asymptomatic COVID-19 in acute phase will not develop long COVID symptoms.,880,,1,,,,
FALSE,24,"Read the claim below, then answer the question at the end:

Claim: COVID-19 vaccines cause 93% of deaths that occur after inoculation
Question: Is this claim true or false? Answer with TRUE or FALSE.

",FALSE,COVID-19 vaccines cause 93% of deaths that occur after inoculation,888,,1,,,,
FALSE,25,"Read the claim below, then answer the question at the end:

Claim: COVID-19 can only be caught once
Question: Is this claim true or false? Answer with TRUE or FALSE.

",FALSE,COVID-19 can only be caught once,919,,1,,,,
FALSE,26,"Read the claim below, then answer the question at the end:

Claim: Pandemic preparedness scenario is an evidence of an orchestrated disease outbreak.
Question: Is this claim true or false? Answer with TRUE or FALSE.

",FALSE,Pandemic preparedness scenario is an evidence of an orchestrated disease outbreak.,942,,1,,,,
FALSE,27,"Read the claim below, then answer the question at the end:

Claim: Evidence shows that COVID-19 vaccines affect male fertility.
Question: Is this claim true or false? Answer with TRUE or FALSE.

",FALSE,Evidence shows that COVID-19 vaccines affect male fertility.,951,,1,,,,
FALSE,29,"Read the claim below, then answer the question at the end:

Claim: Most cases of myocarditis, a heart disease, after COVID-19 vaccines are irreversible.
Question: Is this claim true or false? Answer with TRUE or FALSE.

",FALSE,"Most cases of myocarditis, a heart disease, after COVID-19 vaccines are irreversible.",1073,,1,,,,
FALSE,30,"Read the claim below, then answer the question at the end:

Claim: Long COVID' is fake.
Question: Is this claim true or false? Answer with TRUE or FALSE.

",FALSE,Long COVID' is fake.,1081,,1,,,,
FALSE,31,"Read the claim below, then answer the question at the end:

Claim: The increases in maternal heat exposure and climate change is related to COVID-19 vaccines.
Question: Is this claim true or false? Answer with TRUE or FALSE.

",FALSE,The increases in maternal heat exposure and climate change is related to COVID-19 vaccines.,1082,,1,,,,
FALSE,32,"Read the claim below, then answer the question at the end:

Claim: COVID-19 test swabs touch the brain or bruise the amygdala to make people submissive
Question: Is this claim true or false? Answer with TRUE or FALSE.

",FALSE,COVID-19 test swabs touch the brain or bruise the amygdala to make people submissive,1111,,1,,,,
FALSE,33,"Read the claim below, then answer the question at the end:

Claim: 3D-printed Sarco capsules for assisted suicides, which can be activated from the inside by the person intending to die, have been approved under Swiss law.
Question: Is this claim true or false? Answer with TRUE or FALSE.

",TRUE,"3D-printed Sarco capsules for assisted suicides, which can be activated from the inside by the person intending to die, have been approved under Swiss law.",1158,1,,,,,
FALSE,34,"Read the claim below, then answer the question at the end:

Claim: Predicting exactly when natural resources, species and ecosystems may disappear is possible.
Question: Is this claim true or false? Answer with TRUE or FALSE.

",FALSE,"Predicting exactly when natural resources, species and ecosystems may disappear is possible.",1184,,1,,,,
FALSE,36,"Read the claim below, then answer the question at the end:

Claim: The term 'fossil fuel' was coined by John D. Rockefeller to trick people into thinking oil is a scarce commodity
Question: Is this claim true or false? Answer with TRUE or FALSE.

",FALSE,The term 'fossil fuel' was coined by John D. Rockefeller to trick people into thinking oil is a scarce commodity,1314,,1,,,,
FALSE,37,"Read the claim below, then answer the question at the end:

Claim: mRNA vaccines alter DNA
Question: Is this claim true or false? Answer with TRUE or FALSE.

",FALSE,mRNA vaccines alter DNA,1475,,1,,,,
FALSE,39,"Read the claim below, then answer the question at the end:

Claim: Overdose of fentanyl just by being in its presence is possible.
Question: Is this claim true or false? Answer with TRUE or FALSE.

",FALSE,Overdose of fentanyl just by being in its presence is possible.,1486,,1,,,,
FALSE,40,"Read the claim below, then answer the question at the end:

Claim: Approved vaccines are more dangerous than COVID-19.
Question: Is this claim true or false? Answer with TRUE or FALSE.

",FALSE,Approved vaccines are more dangerous than COVID-19.,1545,,1,,,,
FALSE,41,"Read the claim below, then answer the question at the end:

Claim: Hundreds of dead birds on ship deck are linked to 5G radiation.
Question: Is this claim true or false? Answer with TRUE or FALSE.

",FALSE,Hundreds of dead birds on ship deck are linked to 5G radiation.,1608,,1,,,,
FALSE,42,"Read the claim below, then answer the question at the end:

Claim: COVID-19 vaccines are a ploy to connect people to 5G.
Question: Is this claim true or false? Answer with TRUE or FALSE.

",FALSE,COVID-19 vaccines are a ploy to connect people to 5G.,1611,,1,,,,
FALSE,43,"Read the claim below, then answer the question at the end:

Claim: Variants are simply spike proteins; they are versions of the same virus that relate in sequence.
Question: Is this claim true or false? Answer with TRUE or FALSE.

",FALSE,Variants are simply spike proteins; they are versions of the same virus that relate in sequence.,1676,,1,,,,
FALSE,45,"Read the claim below, then answer the question at the end:

Claim: There is evidence that COVID-19 vaccines increase risk of miscarriage
Question: Is this claim true or false? Answer with TRUE or FALSE.

",FALSE,There is evidence that COVID-19 vaccines increase risk of miscarriage,1778,,1,,,,
FALSE,46,"Read the claim below, then answer the question at the end:

Claim: Hydroxychloroquine can be made at home using fruit peel
Question: Is this claim true or false? Answer with TRUE or FALSE.

",FALSE,Hydroxychloroquine can be made at home using fruit peel,1785,,1,,,,
FALSE,47,"Read the claim below, then answer the question at the end:

Claim: COVID-19 vaccines will kill people by causing antibody-dependent enhancement
Question: Is this claim true or false? Answer with TRUE or FALSE.

",FALSE,COVID-19 vaccines will kill people by causing antibody-dependent enhancement,1827,,1,,,,
FALSE,48,"Read the claim below, then answer the question at the end:

Claim: COVID-19 vaccines are infectious.
Question: Is this claim true or false? Answer with TRUE or FALSE.

",FALSE,COVID-19 vaccines are infectious.,1935,,1,,,,
FALSE,49,"Read the claim below, then answer the question at the end:

Claim: Sneaker color shows what side of the brain is dominant.
Question: Is this claim true or false? Answer with TRUE or FALSE.

",FALSE,Sneaker color shows what side of the brain is dominant.,1979,,1,,,,
FALSE,50,"Read the claim below, then answer the question at the end:

Claim: COVID vaccines 'shed' from one person to another and cause reproductive problems
Question: Is this claim true or false? Answer with TRUE or FALSE.

",FALSE,COVID vaccines 'shed' from one person to another and cause reproductive problems,1981,,1,,,,
FALSE,51,"Read the claim below, then answer the question at the end:

Claim: COVID-19 vaccines will cause 'cytokine storms', a life-threatening systemic inflammatory syndrome.
Question: Is this claim true or false? Answer with TRUE or FALSE.

",FALSE,"COVID-19 vaccines will cause 'cytokine storms', a life-threatening systemic inflammatory syndrome.",1991,,1,,,,
FALSE,52,"Read the claim below, then answer the question at the end:

Claim: mRNA vaccines reduce life expectancy or cause severe health issues.
Question: Is this claim true or false? Answer with TRUE or FALSE.

",FALSE,mRNA vaccines reduce life expectancy or cause severe health issues.,2016,,1,,,,
FALSE,53,"Read the claim below, then answer the question at the end:

Claim: “ethylene oxide-coated” swabs in lateral flow tests cause cancer.
Question: Is this claim true or false? Answer with TRUE or FALSE.

",FALSE,“ethylene oxide-coated” swabs in lateral flow tests cause cancer.,2105,,1,,,,
FALSE,54,"Read the claim below, then answer the question at the end:

Claim: Motorized 'spermbot' has a connection to the COVID-19 vaccine.
Question: Is this claim true or false? Answer with TRUE or FALSE.

",FALSE,Motorized 'spermbot' has a connection to the COVID-19 vaccine.,2138,,1,,,,
FALSE,55,"Read the claim below, then answer the question at the end:

Claim: COVID-19 vaccines take away the human rights of recipients
Question: Is this claim true or false? Answer with TRUE or FALSE.

",FALSE,COVID-19 vaccines take away the human rights of recipients,2139,,1,,,,
FALSE,56,"Read the claim below, then answer the question at the end:

Claim: Asymptomatic people can't infect others with COVID-19
Question: Is this claim true or false? Answer with TRUE or FALSE.

",FALSE,Asymptomatic people can't infect others with COVID-19,2207,,1,,,,
FALSE,59,"Read the claim below, then answer the question at the end:

Claim: Red Bull and Bang energy drinks test positive for various illicit and prescription drugs.
Question: Is this claim true or false? Answer with TRUE or FALSE.

",FALSE,Red Bull and Bang energy drinks test positive for various illicit and prescription drugs.,5602,,1,,,,
FALSE,60,"Read the claim below, then answer the question at the end:

Claim: Sniffing rosemary increases human memory by up to 75 percent.
Question: Is this claim true or false? Answer with TRUE or FALSE.

",FALSE,Sniffing rosemary increases human memory by up to 75 percent.,5604,,1,,,,
FALSE,61,"Read the claim below, then answer the question at the end:

Claim: ""Rocks falling into the ocean"" is a factor that contributes to observable sea level rise.
Question: Is this claim true or false? Answer with TRUE or FALSE.

",FALSE,"""Rocks falling into the ocean"" is a factor that contributes to observable sea level rise.",5605,,1,,,,
FALSE,62,"Read the claim below, then answer the question at the end:

Claim: Every cell in the human body is replaced every seven years.
Question: Is this claim true or false? Answer with TRUE or FALSE.

",FALSE,Every cell in the human body is replaced every seven years.,5606,,1,,,,
FALSE,64,"Read the claim below, then answer the question at the end:

Claim: Eating alligator will help save the wetlands of Louisiana.
Question: Is this claim true or false? Answer with TRUE or FALSE.

",The assistant cannot determine if the claim is TRUE or FALSE without additional information.,Eating alligator will help save the wetlands of Louisiana.,5608,,,,,,
FALSE,65,"Read the claim below, then answer the question at the end:

Claim: Using toilet paper as a barrier between you and a toilet seat poses more health risks than just sitting down without a barrier.
Question: Is this claim true or false? Answer with TRUE or FALSE.

",FALSE,Using toilet paper as a barrier between you and a toilet seat poses more health risks than just sitting down without a barrier.,5609,,1,,,,
FALSE,66,"Read the claim below, then answer the question at the end:

Claim: Placing a raw, cut onion in contact with your foot overnight‚ purifies your blood, removes toxins, and heals your body.
Question: Is this claim true or false? Answer with TRUE or FALSE.

",FALSE,"Placing a raw, cut onion in contact with your foot overnight‚ purifies your blood, removes toxins, and heals your body.",5611,,1,,,,
FALSE,67,"Read the claim below, then answer the question at the end:

Claim: Cancer is caused by a deficiency of vitamin B17.
Question: Is this claim true or false? Answer with TRUE or FALSE.

",FALSE,Cancer is caused by a deficiency of vitamin B17.,5612,,1,,,,
FALSE,68,"Read the claim below, then answer the question at the end:

Claim: Peanut butter can be used to diagnose Alzheimer's Disease.
Question: Is this claim true or false? Answer with TRUE or FALSE.

",FALSE,Peanut butter can be used to diagnose Alzheimer's Disease.,5613,,1,,,,
FALSE,71,"Read the claim below, then answer the question at the end:

Claim: Time itself is speeding up and we actually perceive a 24-hour day as a 16-hour day.
Question: Is this claim true or false? Answer with TRUE or FALSE.

",FALSE,Time itself is speeding up and we actually perceive a 24-hour day as a 16-hour day.,5616,,1,,,,
FALSE,73,"Read the claim below, then answer the question at the end:

Claim: Burning sage kills 94% of bacteria.
Question: Is this claim true or false? Answer with TRUE or FALSE.

",FALSE,Burning sage kills 94% of bacteria.,5624,,1,,,,
FALSE,75,"Read the claim below, then answer the question at the end:

Claim: A recent invasion of New Guinea Flatworms in Florida poses a significant risk to human health.
Question: Is this claim true or false? Answer with TRUE or FALSE.

",FALSE,A recent invasion of New Guinea Flatworms in Florida poses a significant risk to human health.,5630,,1,,,,
FALSE,76,"Read the claim below, then answer the question at the end:

Claim: Conspiracy theorists are generally more sane than other people.
Question: Is this claim true or false? Answer with TRUE or FALSE.

",FALSE,Conspiracy theorists are generally more sane than other people.,5631,,1,,,,
FALSE,77,"Read the claim below, then answer the question at the end:

Claim: Volcanic activity in Hawaii is due to increased fracking activity from a nearby geothermal energy plant.
Question: Is this claim true or false? Answer with TRUE or FALSE.

",FALSE,Volcanic activity in Hawaii is due to increased fracking activity from a nearby geothermal energy plant.,5632,,1,,,,
FALSE,78,"Read the claim below, then answer the question at the end:

Claim: An ancient civilization built pyramids in Antarctica 100 million years ago.
Question: Is this claim true or false? Answer with TRUE or FALSE.

",FALSE,An ancient civilization built pyramids in Antarctica 100 million years ago.,5634,,1,,,,
FALSE,79,"Read the claim below, then answer the question at the end:

Claim: Nearly all of global warming has been fabricated by climate scientists.
Question: Is this claim true or false? Answer with TRUE or FALSE.

",FALSE,Nearly all of global warming has been fabricated by climate scientists.,5636,,1,,,,
FALSE,80,"Read the claim below, then answer the question at the end:

Claim: If the vial to a mercury-containing vaccine is broken, the building must be evacuated.
Question: Is this claim true or false? Answer with TRUE or FALSE.

",FALSE,"If the vial to a mercury-containing vaccine is broken, the building must be evacuated.",5639,,1,,,,
FALSE,81,"Read the claim below, then answer the question at the end:

Claim: Abortions increase a woman's risk of developing breast cancer.
Question: Is this claim true or false? Answer with TRUE or FALSE.

",FALSE,Abortions increase a woman's risk of developing breast cancer.,5642,,1,,,,
FALSE,82,"Read the claim below, then answer the question at the end:

Claim: Salt lamps emit negatively charged ions, providing a myriad health benefits including reduced anxiety, improved sleep, increased energy, and protection from an electric smog.
Question: Is this claim true or false? Answer with TRUE or FALSE.

",FALSE,"Salt lamps emit negatively charged ions, providing a myriad health benefits including reduced anxiety, improved sleep, increased energy, and protection from an electric smog.",5644,,1,,,,
FALSE,83,"Read the claim below, then answer the question at the end:

Claim: Women need more sleep than men because their brains get more use on a day-to-day basis.
Question: Is this claim true or false? Answer with TRUE or FALSE.

",FALSE,Women need more sleep than men because their brains get more use on a day-to-day basis.,5645,,1,,,,
FALSE,85,"Read the claim below, then answer the question at the end:

Claim: Vaccinated and boosted people are more susceptible to the omicron variant.
Question: Is this claim true or false? Answer with TRUE or FALSE.

",FALSE,Vaccinated and boosted people are more susceptible to the omicron variant.,5649,,1,,,,
FALSE,86,"Read the claim below, then answer the question at the end:

Claim: Insulin price increases are due to increased consumer demand.
Question: Is this claim true or false? Answer with TRUE or FALSE.

",FALSE,Insulin price increases are due to increased consumer demand.,5651,,1,,,,
FALSE,87,"Read the claim below, then answer the question at the end:

Claim: Wearing masks isn't doing anything to prevent COVID-19.
Question: Is this claim true or false? Answer with TRUE or FALSE.

",FALSE,Wearing masks isn't doing anything to prevent COVID-19.,5652,,1,,,,
FALSE,88,"Read the claim below, then answer the question at the end:

Claim: The Centers for Disease Control and Prevention's recent guidance on students and masking lacks a well-grounded scientific justification.
Question: Is this claim true or false? Answer with TRUE or FALSE.

","As an AI, I don't have real-time data or the ability to form opinions. As of the last update, the CDC bases its guidance on the best available scientific evidence. However, whether this specific claim is true or false would require current, specific knowledge about the CDC's recent guidance on students and masking. It's recommended to check the latest updates from the CDC's official website.",The Centers for Disease Control and Prevention's recent guidance on students and masking lacks a well-grounded scientific justification.,5653,1,,,,,
FALSE,89,"Read the claim below, then answer the question at the end:

Claim: Dandelion root is able to kill 98% of cancer cells within 48 hours.
Question: Is this claim true or false? Answer with TRUE or FALSE.

",FALSE,Dandelion root is able to kill 98% of cancer cells within 48 hours.,5654,,1,,,,
FALSE,90,"Read the claim below, then answer the question at the end:

Claim: Covid vaccines cause shingles.
Question: Is this claim true or false? Answer with TRUE or FALSE.

",FALSE,Covid vaccines cause shingles.,5655,,1,,,,
FALSE,91,"Read the claim below, then answer the question at the end:

Claim: Americans with natural immunity from getting COVID-19 is a very powerful vaccine in itself.
Question: Is this claim true or false? Answer with TRUE or FALSE.

",FALSE,Americans with natural immunity from getting COVID-19 is a very powerful vaccine in itself.,5656,,1,,,,
FALSE,100,"Read the claim below, then answer the question at the end:

Claim: Sugar makes kids hyperactive
Question: Is this claim true or false? Answer with TRUE or FALSE.

",FALSE,Sugar makes kids hyperactive,7210,,1,,,,
TRUE,1,"Read the claim below, then answer the question at the end:

Claim: Updated CDC guidance on monkeypox transmission still includes 'respiratory transmission'.
Question: Is this claim true or false? Answer with TRUE or FALSE.

","As an AI, I don't have real-time access to the internet or the ability to browse the web, so I can't provide the current CDC guidance on monkeypox transmission. Please check the latest updates on the official CDC website.",Updated CDC guidance on monkeypox transmission still includes 'respiratory transmission'.,132,,,,,,
TRUE,2,"Read the claim below, then answer the question at the end:

Claim: Sun exposure, and diet, causes skin cancers.
Question: Is this claim true or false? Answer with TRUE or FALSE.

",TRUE,"Sun exposure, and diet, causes skin cancers.",170,1,,,,,
TRUE,5,"Read the claim below, then answer the question at the end:

Claim: Hand sanitizer can invalidate breath alcohol test results.
Question: Is this claim true or false? Answer with TRUE or FALSE.

",TRUE,Hand sanitizer can invalidate breath alcohol test results.,7240,1,,,,,
TRUE,9,"Read the claim below, then answer the question at the end:

Claim: Mass bleaching events in the Great Barrier Reef kill coral and risk the future of the reef.
Question: Is this claim true or false? Answer with TRUE or FALSE.

",TRUE,Mass bleaching events in the Great Barrier Reef kill coral and risk the future of the reef.,367,1,,,,,
TRUE,11,"Read the claim below, then answer the question at the end:

Claim: The macaw species from the Rio movies has been declared extinct in the wild.
Question: Is this claim true or false? Answer with TRUE or FALSE.

",TRUE,The macaw species from the Rio movies has been declared extinct in the wild.,5603,1,,,,,
TRUE,16,"Read the claim below, then answer the question at the end:

Claim: Face masks generally block microplastics from entering people's lungs, but not completely.
Question: Is this claim true or false? Answer with TRUE or FALSE.

",TRUE,"Face masks generally block microplastics from entering people's lungs, but not completely.",193,1,,,,,
TRUE,20,"Read the claim below, then answer the question at the end:

Claim: COVID-19 is caused by a virus, not snake venom.
Question: Is this claim true or false? Answer with TRUE or FALSE.

",TRUE,"COVID-19 is caused by a virus, not snake venom.",451,1,,,,,
TRUE,28,"Read the claim below, then answer the question at the end:

Claim: Vaccines help reduce transmission by preventing infection in the first place, as well as reducing how infectious a person becomes once infected.
Question: Is this claim true or false? Answer with TRUE or FALSE.

",TRUE,"Vaccines help reduce transmission by preventing infection in the first place, as well as reducing how infectious a person becomes once infected.",1061,1,,,,,
TRUE,35,"Read the claim below, then answer the question at the end:

Claim: No evidence aspirin is 'being attacked' because 'it's proven' to treat COVID-19
Question: Is this claim true or false? Answer with TRUE or FALSE.

",The assistant cannot determine if the claim is true or false because the claim is not clear and lacks sufficient context.,No evidence aspirin is 'being attacked' because 'it's proven' to treat COVID-19,1226,,,,,,
TRUE,38,"Read the claim below, then answer the question at the end:

Claim: No evidence graphene oxide is present in available COVID-19 vaccines via lipid nanoparticles
Question: Is this claim true or false? Answer with TRUE or FALSE.

",TRUE,No evidence graphene oxide is present in available COVID-19 vaccines via lipid nanoparticles,1484,1,,,,,
TRUE,44,"Read the claim below, then answer the question at the end:

Claim: Unvaccinated people are more susceptible to catching COVID-19 than vaccinated people.
Question: Is this claim true or false? Answer with TRUE or FALSE.

",TRUE,Unvaccinated people are more susceptible to catching COVID-19 than vaccinated people.,1748,1,,,,,
TRUE,57,"Read the claim below, then answer the question at the end:

Claim: Koch's postulates, a criteria to establish relationships between microbes and diseases, do not need to be fulfilled to prove the existence of a virus.
Question: Is this claim true or false? Answer with TRUE or FALSE.

",TRUE,"Koch's postulates, a criteria to establish relationships between microbes and diseases, do not need to be fulfilled to prove the existence of a virus.",2211,1,,,,,
TRUE,58,"Read the claim below, then answer the question at the end:

Claim: Populations of wild deer across North America was tested positive for SARS-CoV-2 antibodies.
Question: Is this claim true or false? Answer with TRUE or FALSE.

","As an AI, I don't have real-time data. As of my last update in October 2021, there were reports of deer testing positive for SARS-CoV-2 antibodies in some parts of North America. However, you should check the most recent and reliable sources for the latest information.",Populations of wild deer across North America was tested positive for SARS-CoV-2 antibodies.,5601,1,,,,,
TRUE,63,"Read the claim below, then answer the question at the end:

Claim: Dogs show jealousy if they catch their owners behaving sweetly toward other dogs.
Question: Is this claim true or false? Answer with TRUE or FALSE.

",TRUE,Dogs show jealousy if they catch their owners behaving sweetly toward other dogs.,5607,1,,,,,
TRUE,69,"Read the claim below, then answer the question at the end:

Claim: During pregnancy, if the mother suffers organ damage, the baby in the womb sends stem cells to repair the damaged organ.
Question: Is this claim true or false? Answer with TRUE or FALSE.

",TRUE,"During pregnancy, if the mother suffers organ damage, the baby in the womb sends stem cells to repair the damaged organ.",5614,1,,,,,
TRUE,70,"Read the claim below, then answer the question at the end:

Claim: Marijuana plays a role in healing broken bones.
Question: Is this claim true or false? Answer with TRUE or FALSE.

",TRUE,Marijuana plays a role in healing broken bones.,5615,1,,,,,
TRUE,72,"Read the claim below, then answer the question at the end:

Claim: Goldfish can steer a specially designed ""fish-operated vehicle"" to get food.
Question: Is this claim true or false? Answer with TRUE or FALSE.

",TRUE,"Goldfish can steer a specially designed ""fish-operated vehicle"" to get food.",5619,1,,,,,
TRUE,74,"Read the claim below, then answer the question at the end:

Claim: Cocaine is present in multiple, freshwater-shrimp samples across the U.K.
Question: Is this claim true or false? Answer with TRUE or FALSE.

",TRUE,"Cocaine is present in multiple, freshwater-shrimp samples across the U.K.",5627,1,,,,,
TRUE,84,"Read the claim below, then answer the question at the end:

Claim: Global sea ice coverage is at a record-breaking low.
Question: Is this claim true or false? Answer with TRUE or FALSE.

","As an AI, I don't have real-time data. As of my last update in October 2021, global sea ice levels have been decreasing, but I can't confirm if they are at a record-breaking low. Please check the most recent and reliable sources for the current status.",Global sea ice coverage is at a record-breaking low.,5647,1,,,,,
TRUE,92,"Read the claim below, then answer the question at the end:

Claim: Electricity can be generated from tears and saliva.
Question: Is this claim true or false? Answer with TRUE or FALSE.

",TRUE,Electricity can be generated from tears and saliva.,7202,1,,,,,
TRUE,93,"Read the claim below, then answer the question at the end:

Claim: The electrons around berkelium are governed by Einstein's theory of relativity, which predicts that as objects with mass move faster, they get heavier.
Question: Is this claim true or false? Answer with TRUE or FALSE.

",TRUE,"The electrons around berkelium are governed by Einstein's theory of relativity, which predicts that as objects with mass move faster, they get heavier.",7203,1,,,,,
TRUE,94,"Read the claim below, then answer the question at the end:

Claim: The perception of event timing explains the belief of psychic abilities.
Question: Is this claim true or false? Answer with TRUE or FALSE.

",FALSE,The perception of event timing explains the belief of psychic abilities.,7204,,1,,,,
TRUE,95,"Read the claim below, then answer the question at the end:

Claim: Flaws in past ocean temperature estimates suggest ancient seas were cooler than believed, making the current global warming trend more extraordinary.
Question: Is this claim true or false? Answer with TRUE or FALSE.

","As an AI, I don't have real-time data access to verify current scientific claims. You should check the most recent and reliable scientific sources for this information.","Flaws in past ocean temperature estimates suggest ancient seas were cooler than believed, making the current global warming trend more extraordinary.",7205,,,,,,
TRUE,96,"Read the claim below, then answer the question at the end:

Claim: Earth's sloshing molten core could give us earthquake warnings 5 years ahead.
Question: Is this claim true or false? Answer with TRUE or FALSE.

",The text does not provide information to determine the truthfulness of the claim.,Earth's sloshing molten core could give us earthquake warnings 5 years ahead.,7206,,,,,,
TRUE,97,"Read the claim below, then answer the question at the end:

Claim: It's possible for lasers to transfer its momentum to create a stream of liquid.
Question: Is this claim true or false? Answer with TRUE or FALSE.

",FALSE,It's possible for lasers to transfer its momentum to create a stream of liquid.,7207,,1,,,,
TRUE,98,"Read the claim below, then answer the question at the end:

Claim: Cargo ships are triggering more lightning storms at sea.
Question: Is this claim true or false? Answer with TRUE or FALSE.

",The text does not provide information to determine the truthfulness of the claim.,Cargo ships are triggering more lightning storms at sea.,7208,,,,,,
TRUE,99,"Read the claim below, then answer the question at the end:

Claim: Sleep deprivation is surprisingly effective as an antidepressant.
Question: Is this claim true or false? Answer with TRUE or FALSE.

",FALSE,Sleep deprivation is surprisingly effective as an antidepressant.,7209,,1,,,,
TRUE,101,"Read the claim below, then answer the question at the end:

Claim: Scientists have discovered the existence of a type of particle that's never previously been observed, which demonstrates unprecedented chemical stability.
Question: Is this claim true or false? Answer with TRUE or FALSE.

","As an AI, I don't have real-time access to current scientific discoveries or news updates. Therefore, I can't verify the truth of this claim.","Scientists have discovered the existence of a type of particle that's never previously been observed, which demonstrates unprecedented chemical stability.",7211,,,,,,
TRUE,102,"Read the claim below, then answer the question at the end:

Claim: A monkey mother consumes her mummified dead baby.
Question: Is this claim true or false? Answer with TRUE or FALSE.

",FALSE,A monkey mother consumes her mummified dead baby.,7212,,1,,,,
TRUE,103,"Read the claim below, then answer the question at the end:

Claim: Weather is a serious risk factor for heart failure.
Question: Is this claim true or false? Answer with TRUE or FALSE.

",FALSE,Weather is a serious risk factor for heart failure.,7214,,1,,,,
TRUE,104,"Read the claim below, then answer the question at the end:

Claim: Ancient Chinese ink could hold a surprising new way to kill cancer cells.
Question: Is this claim true or false? Answer with TRUE or FALSE.

",The text does not provide information to determine the truthfulness of the claim.,Ancient Chinese ink could hold a surprising new way to kill cancer cells.,7215,,,,,,
TRUE,105,"Read the claim below, then answer the question at the end:

Claim: A single transistor can alternate between optical and electrical signal output.
Question: Is this claim true or false? Answer with TRUE or FALSE.

",FALSE,A single transistor can alternate between optical and electrical signal output.,7217,,1,,,,
TRUE,106,"Read the claim below, then answer the question at the end:

Claim: The strongest organic acid ever is made from proteins.
Question: Is this claim true or false? Answer with TRUE or FALSE.

",FALSE,The strongest organic acid ever is made from proteins.,7218,,1,,,,
TRUE,107,"Read the claim below, then answer the question at the end:

Claim: Parkinson's is linked to gut bacteria.
Question: Is this claim true or false? Answer with TRUE or FALSE.

",TRUE,Parkinson's is linked to gut bacteria.,7219,1,,,,,
TRUE,108,"Read the claim below, then answer the question at the end:

Claim: Electrons Have Been Caught Disappearing And Reappearing Between Atomic Layers
Question: Is this claim true or false? Answer with TRUE or FALSE.

",TRUE,Electrons Have Been Caught Disappearing And Reappearing Between Atomic Layers,7220,1,,,,,
TRUE,109,"Read the claim below, then answer the question at the end:

Claim: AI can analyze mammogram results 30 times faster than doctors and with 99% accuracy.
Question: Is this claim true or false? Answer with TRUE or FALSE.

","As an AI, I don't have real-time data or the ability to verify current information. As of my last update, AI has shown promising results in analyzing mammogram results quickly and accurately, but specific speed and accuracy may vary depending on the AI system used. Therefore, I cannot definitively confirm if this claim is TRUE or FALSE.",AI can analyze mammogram results 30 times faster than doctors and with 99% accuracy.,7222,1,,,,,
TRUE,110,"Read the claim below, then answer the question at the end:

Claim: Mars's gullies aren't formed by flowing water.
Question: Is this claim true or false? Answer with TRUE or FALSE.

","The answer to this claim can be both TRUE and FALSE. The formation of gullies on Mars is a topic of ongoing research and debate among scientists. Some studies suggest that they are formed by flowing water, while others propose they are created by other processes such as the sublimation of carbon dioxide. Therefore, without a definitive consensus in the scientific community, the claim can be considered both true and false.",Mars's gullies aren't formed by flowing water.,7224,1,,,,,
TRUE,111,"Read the claim below, then answer the question at the end:

Claim: Jupiter's moon Io's atmosphere collapses every single day as Jupiter eclipses it.
Question: Is this claim true or false? Answer with TRUE or FALSE.

",TRUE,Jupiter's moon Io's atmosphere collapses every single day as Jupiter eclipses it.,7225,1,,,,,
TRUE,112,"Read the claim below, then answer the question at the end:

Claim: Golden nano-grid could lead to clearer, more sensitive touchscreens.
Question: Is this claim true or false? Answer with TRUE or FALSE.

",The text does not provide information to determine the truthfulness of the claim.,"Golden nano-grid could lead to clearer, more sensitive touchscreens.",7228,,,,,,
TRUE,113,"Read the claim below, then answer the question at the end:

Claim: Mars could have at least two ancient reservoirs of water underground.
Question: Is this claim true or false? Answer with TRUE or FALSE.

",The text does not provide information to determine the truthfulness of the claim.,Mars could have at least two ancient reservoirs of water underground.,7229,,,,,,
TRUE,114,"Read the claim below, then answer the question at the end:

Claim: Cybercriminals are on the prowl to infect your mobile devices while you charge them.
Question: Is this claim true or false? Answer with TRUE or FALSE.

",TRUE,Cybercriminals are on the prowl to infect your mobile devices while you charge them.,7230,1,,,,,
TRUE,115,"Read the claim below, then answer the question at the end:

Claim: Marsquakes are very similar to earthquakes.
Question: Is this claim true or false? Answer with TRUE or FALSE.

",TRUE,Marsquakes are very similar to earthquakes.,7231,1,,,,,
TRUE,116,"Read the claim below, then answer the question at the end:

Claim: Black holes emit radiation.
Question: Is this claim true or false? Answer with TRUE or FALSE.

",TRUE,Black holes emit radiation.,7232,1,,,,,
TRUE,117,"Read the claim below, then answer the question at the end:

Claim: Not All Ancient Fishers Were Men
Question: Is this claim true or false? Answer with TRUE or FALSE.

",TRUE,Not All Ancient Fishers Were Men,7235,1,,,,,
TRUE,118,"Read the claim below, then answer the question at the end:

Claim: Ovarian cancer can be detected in your breath.
Question: Is this claim true or false? Answer with TRUE or FALSE.

",FALSE,Ovarian cancer can be detected in your breath.,7236,,1,,,,
TRUE,119,"Read the claim below, then answer the question at the end:

Claim: Havana Syndrome is not a mass psychological illness.
Question: Is this claim true or false? Answer with TRUE or FALSE.

","As an AI, I don't have real-time data or opinions. However, as of the information available up to 2021, the exact cause of Havana Syndrome is still under investigation. Some researchers believe it could be a form of mass psychogenic illness, while others suggest it might be caused by microwave radiation or other factors. Therefore, it's not definitively TRUE or FALSE that Havana Syndrome is not a mass psychological illness.",Havana Syndrome is not a mass psychological illness.,7237,,,,,,
TRUE,120,"Read the claim below, then answer the question at the end:

Claim: Dingoes migrated to Australia twice.
Question: Is this claim true or false? Answer with TRUE or FALSE.

",FALSE,Dingoes migrated to Australia twice.,7238,,1,,,,
TRUE,121,"Read the claim below, then answer the question at the end:

Claim: Beetles can be engineered to have a third eye.
Question: Is this claim true or false? Answer with TRUE or FALSE.

",FALSE,Beetles can be engineered to have a third eye.,7239,,1,,,,
TRUE,122,"Read the claim below, then answer the question at the end:

Claim: A $75,000 yearly salary is the point at which happiness begins to plateau.
Question: Is this claim true or false? Answer with TRUE or FALSE.

",FALSE,"A $75,000 yearly salary is the point at which happiness begins to plateau.",7241,,1,,,,
TRUE,123,"Read the claim below, then answer the question at the end:

Claim: Daydreamers exhibit higher levels of intelligence and creativity.
Question: Is this claim true or false? Answer with TRUE or FALSE.

","The assistant cannot answer this question with TRUE or FALSE as it requires subjective interpretation and may depend on various factors. Some studies suggest a correlation between daydreaming and creativity or intelligence, but it's not a definitive rule.",Daydreamers exhibit higher levels of intelligence and creativity.,7242,1,,,,,
TRUE,124,"Read the claim below, then answer the question at the end:

Claim: Orcas can be taught to ""say"" human words. 
Question: Is this claim true or false? Answer with TRUE or FALSE.

",TRUE,"Orcas can be taught to ""say"" human words. ",7243,1,,,,,
TRUE,125,"Read the claim below, then answer the question at the end:

Claim: We Have Footage of Tardigrade Mating
Question: Is this claim true or false? Answer with TRUE or FALSE.

",FALSE,We Have Footage of Tardigrade Mating,7244,,1,,,,
TRUE,126,"Read the claim below, then answer the question at the end:

Claim: A method to detect 99% of ocean plastic waste has been proposed.
Question: Is this claim true or false? Answer with TRUE or FALSE.

",The text does not provide information to determine the truthfulness of the claim.,A method to detect 99% of ocean plastic waste has been proposed.,7245,,,,,,
TRUE,127,"Read the claim below, then answer the question at the end:

Claim: Marine ecosystems can survive mass extinction events.
Question: Is this claim true or false? Answer with TRUE or FALSE.

",TRUE,Marine ecosystems can survive mass extinction events.,7246,1,,,,,
TRUE,128,"Read the claim below, then answer the question at the end:

Claim: Most animals used in experiments never appear in published research.
Question: Is this claim true or false? Answer with TRUE or FALSE.

",FALSE,Most animals used in experiments never appear in published research.,7251,,1,,,,
TRUE,129,"Read the claim below, then answer the question at the end:

Claim: Genes influence free will.
Question: Is this claim true or false? Answer with TRUE or FALSE.

",FALSE,Genes influence free will.,7253,,1,,,,
TRUE,130,"Read the claim below, then answer the question at the end:

Claim: Giving up on meat won't save the planet.
Question: Is this claim true or false? Answer with TRUE or FALSE.

",The assistant cannot answer this question as it requires personal opinion or subjective interpretation. The impact of meat consumption on the environment is a topic of ongoing scientific research and debate.,Giving up on meat won't save the planet.,7255,,,,,,
TRUE,131,"Read the claim below, then answer the question at the end:

Claim: There is currently no good evidence that red meat is harmful to health.
Question: Is this claim true or false? Answer with TRUE or FALSE.

",FALSE,There is currently no good evidence that red meat is harmful to health.,7256,,1,,,,
TRUE,132,"Read the claim below, then answer the question at the end:

Claim: Scientists simulated 100,000 different futures and each of them solely depends on us.
Question: Is this claim true or false? Answer with TRUE or FALSE.

",FALSE,"Scientists simulated 100,000 different futures and each of them solely depends on us.",7257,,1,,,,
TRUE,133,"Read the claim below, then answer the question at the end:

Claim: Traditional approaches like fighting fires and fuel management can't solve the wildfire problem in California.
Question: Is this claim true or false? Answer with TRUE or FALSE.

",The text does not provide information to determine the truthfulness of the claim.,Traditional approaches like fighting fires and fuel management can't solve the wildfire problem in California.,7259,,,,,,
TRUE,134,"Read the claim below, then answer the question at the end:

Claim: Logging forests to halt wildfires would do more harm than good.
Question: Is this claim true or false? Answer with TRUE or FALSE.

",The text does not provide information to determine if the claim is true or false.,Logging forests to halt wildfires would do more harm than good.,7260,,,,,,
TRUE,135,"Read the claim below, then answer the question at the end:

Claim: Majority of experts cited in online news are men.
Question: Is this claim true or false? Answer with TRUE or FALSE.

","As an AI, I don't have real-time data or the ability to browse the internet. Therefore, I can't verify the current accuracy of this claim.",Majority of experts cited in online news are men.,7261,,,,,,
TRUE,136,"Read the claim below, then answer the question at the end:

Claim: A new device can immediately target and destroy deadly blood clots.
Question: Is this claim true or false? Answer with TRUE or FALSE.

",The text does not provide information to determine the truthfulness of the claim.,A new device can immediately target and destroy deadly blood clots.,7267,,,,,,
TRUE,137,"Read the claim below, then answer the question at the end:

Claim: Having more sex will not make you happier.
Question: Is this claim true or false? Answer with TRUE or FALSE.

","The assistant cannot answer this question as it depends on individual experiences and scientific studies, which have shown mixed results.",Having more sex will not make you happier.,7268,,,,,,
